date,energy_produced_Wh
12/13/2017,862
12/14/2017,753
12/15/2017,174
12/16/2017,262
12/17/2017,148
12/18/2017,102
12/19/2017,544
12/20/2017,"1,123"
12/21/2017,451
12/22/2017,421
12/23/2017,"1,061"
12/24/2017,114
12/25/2017,12
12/26/2017,219
12/27/2017,97
12/28/2017,177
12/29/2017,72
12/30/2017,267
12/31/2017,"1,010"
01/01/2018,"1,040"
01/02/2018,351
01/03/2018,"1,000"
01/04/2018,"5,450"
01/05/2018,"9,764"
01/06/2018,"9,650"
01/07/2018,"9,664"
01/08/2018,"9,950"
01/09/2018,"9,695"
01/10/2018,"9,714"
01/11/2018,"9,899"
01/12/2018,"9,654"
01/13/2018,"10,305"
01/14/2018,"10,472"
01/15/2018,"10,425"
01/16/2018,"9,378"
01/17/2018,"1,063"
01/18/2018,"2,146"
01/19/2018,"2,023"
01/20/2018,"2,306"
01/21/2018,"3,774"
01/22/2018,"5,468"
01/23/2018,584
01/24/2018,"1,170"
01/25/2018,"3,048"
01/26/2018,"1,917"
01/27/2018,"2,258"
01/28/2018,"2,081"
01/29/2018,640
01/30/2018,"9,615"
01/31/2018,"3,185"
02/01/2018,"1,953"
02/02/2018,"1,962"
02/03/2018,"1,279"
02/04/2018,"4,391"
02/05/2018,"2,673"
02/06/2018,"2,594"
02/07/2018,"2,373"
02/08/2018,"1,036"
02/09/2018,"13,348"
02/10/2018,"13,319"
02/11/2018,"12,606"
02/12/2018,"15,870"
02/13/2018,"11,249"
02/14/2018,"2,112"
02/15/2018,"5,145"
02/16/2018,"2,031"
02/17/2018,"11,210"
02/18/2018,"8,835"
02/19/2018,"17,414"
02/20/2018,"4,329"
02/21/2018,"5,831"
02/22/2018,"13,412"
02/23/2018,"4,576"
02/24/2018,"8,682"
02/25/2018,"7,351"
02/26/2018,"16,895"
02/27/2018,"4,492"
02/28/2018,"3,234"
03/01/2018,"16,727"
03/02/2018,"5,860"
03/03/2018,"17,478"
03/04/2018,"5,826"
03/05/2018,"7,215"
03/06/2018,"18,308"
03/07/2018,"8,756"
03/08/2018,"1,964"
03/09/2018,"14,393"
03/10/2018,"18,362"
03/11/2018,"18,149"
03/12/2018,"16,655"
03/13/2018,"2,440"
03/14/2018,"16,366"
03/15/2018,"19,395"
03/16/2018,"19,402"
03/17/2018,"8,917"
03/18/2018,"16,470"
03/19/2018,"13,580"
03/20/2018,"18,210"
03/21/2018,"13,861"
03/22/2018,"6,442"
03/23/2018,"9,234"
03/24/2018,"15,036"
03/25/2018,"17,731"
03/26/2018,"4,135"
03/27/2018,"2,678"
03/28/2018,"13,995"
03/29/2018,"12,701"
03/30/2018,"17,442"
03/31/2018,"17,527"
04/01/2018,"7,967"
04/02/2018,"19,015"
04/03/2018,"10,457"
04/04/2018,"3,906"
04/05/2018,"4,439"
04/06/2018,"14,266"
04/07/2018,"6,553"
04/08/2018,"3,751"
04/09/2018,"19,511"
04/10/2018,"15,310"
04/11/2018,"4,683"
04/12/2018,"10,080"
04/13/2018,"6,560"
04/14/2018,"4,387"
04/15/2018,"8,361"
04/16/2018,"5,280"
04/17/2018,"19,879"
04/18/2018,"20,810"
04/19/2018,"21,271"
04/20/2018,"13,872"
04/21/2018,"17,024"
04/22/2018,"21,470"
04/23/2018,"23,759"
04/24/2018,"22,023"
04/25/2018,"23,715"
04/26/2018,"22,647"
04/27/2018,"8,168"
04/28/2018,"7,520"
04/29/2018,"19,110"
04/30/2018,"11,822"
05/01/2018,"15,270"
05/02/2018,"22,849"
05/03/2018,"21,866"
05/04/2018,"16,400"
05/05/2018,"19,263"
05/06/2018,"18,249"
05/07/2018,"19,617"
05/08/2018,"18,778"
05/09/2018,"20,781"
05/10/2018,"12,192"
05/11/2018,"18,541"
05/12/2018,"24,369"
05/13/2018,"23,454"
05/14/2018,"23,127"
05/15/2018,"17,335"
05/16/2018,"21,987"
05/17/2018,"12,182"
05/18/2018,"12,143"
05/19/2018,"14,720"
05/20/2018,"14,741"
05/21/2018,"22,604"
05/22/2018,"24,344"
05/23/2018,"22,888"
05/24/2018,"18,221"
05/25/2018,"15,563"
05/26/2018,"17,075"
05/27/2018,"23,723"
05/28/2018,"21,735"
05/29/2018,"15,513"
05/30/2018,"22,064"
05/31/2018,"14,960"
06/01/2018,"22,157"
06/02/2018,"24,083"
06/03/2018,"10,724"
06/04/2018,"14,914"
06/05/2018,"22,009"
06/06/2018,"23,124"
06/07/2018,"18,484"
06/08/2018,"6,570"
06/09/2018,"17,357"
06/10/2018,"19,166"
06/11/2018,"21,448"
06/12/2018,"14,093"
06/13/2018,"19,516"
06/14/2018,"19,231"
06/15/2018,"24,973"
06/16/2018,"23,031"
06/17/2018,"24,370"
06/18/2018,"22,714"
06/19/2018,"23,645"
06/20/2018,"17,780"
06/21/2018,"16,185"
06/22/2018,"11,465"
06/23/2018,"17,003"
06/24/2018,"22,832"
06/25/2018,"17,114"
06/26/2018,"19,776"
06/27/2018,"12,800"
06/28/2018,"13,981"
06/29/2018,"15,778"
06/30/2018,"6,339"
07/01/2018,"14,073"
07/02/2018,"17,319"
07/03/2018,"24,611"
07/04/2018,"13,164"
07/05/2018,"23,031"
07/06/2018,"22,860"
07/07/2018,"20,459"
07/08/2018,"23,222"
07/09/2018,"19,776"
07/10/2018,"16,064"
07/11/2018,"23,979"
07/12/2018,"23,586"
07/13/2018,"23,349"
07/14/2018,"23,672"
07/15/2018,"23,217"
07/16/2018,"23,205"
07/17/2018,"23,766"
07/18/2018,"20,450"
07/19/2018,"11,963"
07/20/2018,"23,045"
07/21/2018,"23,185"
07/22/2018,"23,030"
07/23/2018,"22,880"
07/24/2018,"22,790"
07/25/2018,"22,374"
07/26/2018,"22,026"
07/27/2018,"22,234"
07/28/2018,"21,168"
07/29/2018,"21,454"
07/30/2018,"20,460"
07/31/2018,"18,476"
08/01/2018,"15,817"
08/02/2018,"5,351"
08/03/2018,"20,889"
08/04/2018,"22,469"
08/05/2018,"21,550"
08/06/2018,"21,078"
08/07/2018,"22,028"
08/08/2018,"20,096"
08/09/2018,"21,273"
08/10/2018,"20,258"
08/11/2018,"14,756"
08/12/2018,"14,569"
08/13/2018,"18,883"
08/14/2018,"17,628"
08/15/2018,"17,179"
08/16/2018,"10,969"
08/17/2018,"17,917"
08/18/2018,"20,608"
08/19/2018,"16,267"
08/20/2018,"15,595"
08/21/2018,"15,131"
08/22/2018,"16,687"
08/23/2018,"10,061"
08/24/2018,"16,473"
08/25/2018,"6,939"
08/26/2018,"7,168"
08/27/2018,"18,745"
08/28/2018,"19,812"
08/29/2018,"16,822"
08/30/2018,"15,102"
08/31/2018,"18,003"
09/01/2018,"15,323"
09/02/2018,"20,133"
09/03/2018,"18,604"
09/04/2018,"20,096"
09/05/2018,"19,140"
09/06/2018,"18,814"
09/07/2018,"12,807"
09/08/2018,"9,261"
09/09/2018,"15,256"
09/10/2018,"13,041"
09/11/2018,"17,150"
09/12/2018,"11,874"
09/13/2018,"13,071"
09/14/2018,"11,902"
09/15/2018,"6,608"
09/16/2018,"14,636"
09/17/2018,"17,027"
09/18/2018,"17,361"
09/19/2018,"18,637"
09/20/2018,"9,983"
09/21/2018,"10,011"
09/22/2018,"11,164"
09/23/2018,"16,993"
09/24/2018,"18,108"
09/25/2018,"17,910"
09/26/2018,"14,342"
09/27/2018,"17,380"
09/28/2018,"17,062"
09/29/2018,"10,299"
09/30/2018,"5,922"
10/01/2018,"3,305"
10/02/2018,"13,604"
10/03/2018,"9,172"
10/04/2018,"14,987"
10/05/2018,"2,046"
10/06/2018,"10,795"
10/07/2018,"6,144"
10/08/2018,"3,297"
10/09/2018,"4,230"
10/10/2018,"12,830"
10/11/2018,"10,834"
10/12/2018,"15,082"
10/13/2018,"14,291"
10/14/2018,"16,034"
10/15/2018,"15,317"
10/16/2018,"15,323"
10/17/2018,"15,171"
10/18/2018,"12,910"
10/19/2018,"10,638"
10/20/2018,"7,507"
10/21/2018,"7,561"
10/22/2018,"3,681"
10/23/2018,"5,565"
10/24/2018,"8,436"
10/25/2018,"1,557"
10/26/2018,"5,523"
10/27/2018,"4,413"
10/28/2018,"4,877"
10/29/2018,"5,001"
10/30/2018,"5,534"
10/31/2018,616
11/01/2018,"1,006"
11/02/2018,"7,114"
11/03/2018,"1,240"
11/04/2018,"7,256"
11/05/2018,"3,639"
11/06/2018,"7,117"
11/07/2018,"8,961"
11/08/2018,"9,858"
11/09/2018,"1,320"
11/10/2018,"8,364"
11/11/2018,"8,896"
11/12/2018,"9,066"
11/13/2018,"6,358"
11/14/2018,"2,166"
11/15/2018,"5,607"
11/16/2018,"3,301"
11/17/2018,"11,914"
11/18/2018,"11,520"
11/19/2018,"11,042"
11/20/2018,"7,552"
11/21/2018,"1,152"
11/22/2018,"1,946"
11/23/2018,"2,519"
11/24/2018,"3,997"
11/25/2018,"4,787"
11/26/2018,613
11/27/2018,"6,076"
11/28/2018,"1,167"
11/29/2018,"2,658"
11/30/2018,"3,397"
12/01/2018,"3,760"
12/02/2018,"2,740"
12/03/2018,"9,746"
12/04/2018,"10,818"
12/05/2018,"10,664"
12/06/2018,"10,507"
12/07/2018,"7,746"
12/08/2018,"1,422"
12/09/2018,425
12/10/2018,"5,822"
12/11/2018,471
12/12/2018,"2,364"
12/13/2018,849
12/14/2018,"1,231"
12/15/2018,"3,159"
12/16/2018,768
12/17/2018,"3,650"
12/18/2018,"2,979"
12/19/2018,"1,050"
12/20/2018,"1,385"
12/21/2018,"2,721"
12/22/2018,"1,724"
12/23/2018,"2,282"
12/24/2018,"8,395"
12/25/2018,"2,035"
12/26/2018,791
12/27/2018,"3,699"
12/28/2018,596
12/29/2018,"1,271"
12/30/2018,"4,212"
12/31/2018,"6,449"
01/01/2019,"5,716"
01/02/2019,"1,904"
01/03/2019,"1,009"
01/04/2019,"3,355"
01/05/2019,"1,909"
01/06/2019,"3,507"
01/07/2019,"7,216"
01/08/2019,941
01/09/2019,912
01/10/2019,"2,573"
01/11/2019,"4,670"
01/12/2019,"9,045"
01/13/2019,"10,935"
01/14/2019,"11,061"
01/15/2019,"6,116"
01/16/2019,"5,547"
01/17/2019,"1,587"
01/18/2019,"2,157"
01/19/2019,"3,528"
01/20/2019,"2,983"
01/21/2019,"5,547"
01/22/2019,"1,036"
01/23/2019,"4,075"
01/24/2019,"3,398"
01/25/2019,"7,176"
01/26/2019,"10,317"
01/27/2019,"1,010"
01/28/2019,"9,868"
01/29/2019,"12,577"
01/30/2019,"6,998"
01/31/2019,"7,252"
02/01/2019,"1,634"
02/02/2019,"2,713"
02/03/2019,"2,528"
02/04/2019,190
02/05/2019,"4,645"
02/06/2019,"13,710"
02/07/2019,"9,963"
02/08/2019,"2,059"
02/09/2019,0
02/10/2019,0
02/11/2019,8
02/12/2019,878
02/13/2019,"2,373"
02/14/2019,"1,811"
02/15/2019,"8,007"
02/16/2019,"3,278"
02/17/2019,"3,555"
02/18/2019,"4,954"
02/19/2019,"1,973"
02/20/2019,"6,364"
02/21/2019,"15,981"
02/22/2019,"1,359"
02/23/2019,"7,167"
02/24/2019,"4,096"
02/25/2019,"14,485"
02/26/2019,"16,176"
02/27/2019,"3,763"
02/28/2019,"16,359"
03/01/2019,"16,513"
03/02/2019,"17,858"
03/03/2019,"17,677"
03/04/2019,"17,749"
03/05/2019,"17,968"
03/06/2019,"2,659"
03/07/2019,"6,452"
03/08/2019,"7,172"
03/09/2019,"16,167"
03/10/2019,"17,860"
03/11/2019,"5,320"
03/12/2019,"8,326"
03/13/2019,"16,226"
03/14/2019,"11,350"
03/15/2019,"16,403"
03/16/2019,"14,058"
03/17/2019,"18,526"
03/18/2019,"18,811"
03/19/2019,"18,683"
03/20/2019,"18,364"
03/21/2019,"15,902"
03/22/2019,"12,422"
03/23/2019,"16,063"
03/24/2019,"12,649"
03/25/2019,"5,359"
03/26/2019,"18,724"
03/27/2019,"12,286"
03/28/2019,"17,222"
03/29/2019,"15,240"
03/30/2019,"20,088"
03/31/2019,"20,240"
04/01/2019,"16,769"
04/02/2019,"12,180"
04/03/2019,"9,531"
04/04/2019,"17,935"
04/05/2019,"6,160"
04/06/2019,"12,860"
04/07/2019,"7,623"
04/08/2019,"9,589"
04/09/2019,"13,175"
04/10/2019,"4,470"
04/11/2019,"8,746"
04/12/2019,"10,203"
04/13/2019,"8,022"
04/14/2019,"9,942"
04/15/2019,"17,971"
04/16/2019,"7,933"
04/17/2019,"16,168"
04/18/2019,"8,617"
04/19/2019,"3,267"
04/20/2019,"16,377"
04/21/2019,"19,981"
04/22/2019,"6,369"
04/23/2019,"20,166"
04/24/2019,"18,769"
04/25/2019,"15,625"
04/26/2019,"21,865"
04/27/2019,"16,148"
04/28/2019,"23,578"
04/29/2019,"23,951"
04/30/2019,"23,414"
05/01/2019,"23,434"
05/02/2019,"19,411"
05/03/2019,"17,927"
05/04/2019,"22,410"
05/05/2019,"22,941"
05/06/2019,"21,796"
05/07/2019,"22,946"
05/08/2019,"21,735"
05/09/2019,"22,077"
05/10/2019,"22,616"
05/11/2019,"22,256"
05/12/2019,"15,559"
05/13/2019,"16,955"
05/14/2019,"10,360"
05/15/2019,"14,044"
05/16/2019,"8,872"
05/17/2019,"21,550"
05/18/2019,"19,815"
05/19/2019,"19,522"
05/20/2019,"6,260"
05/21/2019,"13,625"
05/22/2019,"22,227"
05/23/2019,"21,656"
05/24/2019,"5,184"
05/25/2019,"5,248"
05/26/2019,"15,617"
05/27/2019,"23,351"
05/28/2019,"13,930"
05/29/2019,"17,482"
05/30/2019,"19,057"
05/31/2019,"17,514"
06/01/2019,"17,674"
06/02/2019,"22,305"
06/03/2019,"16,606"
06/04/2019,"23,323"
06/05/2019,"13,128"
06/06/2019,"15,810"
06/07/2019,"13,270"
06/08/2019,"23,397"
06/09/2019,"22,047"
06/10/2019,"23,733"
06/11/2019,"23,860"
06/12/2019,"19,737"
06/13/2019,"21,998"
06/14/2019,"19,543"
06/15/2019,"19,956"
06/16/2019,"22,147"
06/17/2019,"18,849"
06/18/2019,"5,903"
06/19/2019,"17,335"
06/20/2019,"19,616"
06/21/2019,"23,044"
06/22/2019,"11,934"
06/23/2019,"7,755"
06/24/2019,"18,162"
06/25/2019,"19,591"
06/26/2019,"14,831"
06/27/2019,"18,145"
06/28/2019,"20,817"
06/29/2019,"22,520"
06/30/2019,"23,632"
07/01/2019,"23,513"
07/02/2019,"3,351"
07/03/2019,"11,513"
07/04/2019,"19,762"
07/05/2019,"11,555"
07/06/2019,"16,495"
07/07/2019,"9,177"
07/08/2019,"19,131"
07/09/2019,"11,647"
07/10/2019,"10,755"
07/11/2019,"15,648"
07/12/2019,"20,933"
07/13/2019,"22,058"
07/14/2019,"21,977"
07/15/2019,"10,160"
07/16/2019,"20,998"
07/17/2019,"7,294"
07/18/2019,"17,262"
07/19/2019,"19,801"
07/20/2019,"23,482"
07/21/2019,"22,902"
07/22/2019,"22,925"
07/23/2019,"11,623"
07/24/2019,"20,388"
07/25/2019,"22,723"
07/26/2019,"22,723"
07/27/2019,"10,828"
07/28/2019,"22,819"
07/29/2019,"22,297"
07/30/2019,"18,253"
07/31/2019,"21,612"
08/01/2019,"21,916"
08/02/2019,"19,482"
08/03/2019,"22,102"
08/04/2019,"21,762"
08/05/2019,"21,188"
08/06/2019,"18,340"
08/07/2019,"16,049"
08/08/2019,"9,356"
08/09/2019,"15,085"
08/10/2019,"15,029"
08/11/2019,"10,336"
08/12/2019,"19,518"
08/13/2019,"20,571"
08/14/2019,"20,308"
08/15/2019,"19,437"
08/16/2019,"10,978"
08/17/2019,"13,328"
08/18/2019,"18,864"
08/19/2019,"15,471"
08/20/2019,"17,054"
08/21/2019,"7,486"
08/22/2019,"15,448"
08/23/2019,"13,903"
08/24/2019,"18,771"
08/25/2019,"17,910"
08/26/2019,"21,242"
08/27/2019,"20,742"
08/28/2019,"19,939"
08/29/2019,"11,999"
08/30/2019,"15,628"
08/31/2019,"13,618"
09/01/2019,"18,357"
09/02/2019,"20,034"
09/03/2019,"18,432"
09/04/2019,"15,248"
09/05/2019,"15,839"
09/06/2019,"18,372"
09/07/2019,"4,878"
09/08/2019,"11,211"
09/09/2019,"7,838"
09/10/2019,"14,942"
09/11/2019,"16,305"
09/12/2019,"16,329"
09/13/2019,"10,177"
09/14/2019,"3,865"
09/15/2019,"3,923"
09/16/2019,"17,223"
09/17/2019,"4,693"
09/18/2019,"15,106"
09/19/2019,"14,647"
09/20/2019,"9,652"
09/21/2019,"9,927"
09/22/2019,"4,480"
09/23/2019,"4,493"
09/24/2019,"10,727"
09/25/2019,"16,055"
09/26/2019,"11,185"
09/27/2019,"14,158"
09/28/2019,"10,556"
09/29/2019,"6,648"
09/30/2019,"17,342"
10/01/2019,"17,413"
10/02/2019,"12,106"
10/03/2019,"12,490"
10/04/2019,"11,070"
10/05/2019,"12,407"
10/06/2019,"15,269"
10/07/2019,"3,643"
10/08/2019,"5,883"
10/09/2019,"17,048"
10/10/2019,"16,279"
10/11/2019,"15,436"
10/12/2019,"6,125"
10/13/2019,"8,647"
10/14/2019,"15,156"
10/15/2019,"5,247"
10/16/2019,"2,638"
10/17/2019,"5,302"
10/18/2019,"3,147"
10/19/2019,"4,759"
10/20/2019,"2,352"
10/21/2019,"1,636"
10/22/2019,"1,968"
10/23/2019,"11,818"
10/24/2019,"10,079"
10/25/2019,"2,037"
10/26/2019,"8,253"
10/27/2019,"14,165"
10/28/2019,"13,937"
10/29/2019,"14,775"
10/30/2019,"13,825"
10/31/2019,"11,311"
11/01/2019,"12,271"
11/02/2019,"12,532"
11/03/2019,"10,746"
11/04/2019,"8,345"
11/05/2019,"9,525"
11/06/2019,"9,228"
11/07/2019,"8,284"
11/08/2019,"10,636"
11/09/2019,"1,532"
11/10/2019,"1,787"
11/11/2019,"7,328"
11/12/2019,"1,954"
11/13/2019,"4,558"
11/14/2019,"3,411"
11/15/2019,"6,007"
11/16/2019,"1,876"
11/17/2019,"2,184"
11/18/2019,763
11/19/2019,"1,521"
11/20/2019,"11,509"
11/21/2019,"11,134"
11/22/2019,"3,534"
11/23/2019,"3,447"
11/24/2019,"7,981"
11/25/2019,"5,637"
11/26/2019,"5,074"
11/27/2019,"9,247"
11/28/2019,"10,332"
11/29/2019,"10,483"
11/30/2019,"10,235"
12/01/2019,"2,129"
12/02/2019,"7,609"
12/03/2019,"2,286"
12/04/2019,821
12/05/2019,"3,394"
12/06/2019,"3,510"
12/07/2019,979
12/08/2019,"1,293"
12/09/2019,"1,127"
12/10/2019,"1,500"
12/11/2019,857
12/12/2019,932
12/13/2019,"2,889"
12/14/2019,929
12/15/2019,"1,523"
12/16/2019,"2,014"
12/17/2019,"2,452"
12/18/2019,"1,635"
12/19/2019,832
12/20/2019,220
12/21/2019,674
12/22/2019,"1,386"
12/23/2019,"2,928"
12/24/2019,"3,358"
12/25/2019,"2,926"
12/26/2019,"3,849"
12/27/2019,848
12/28/2019,"3,578"
12/29/2019,"5,215"
12/30/2019,"1,258"
12/31/2019,666
01/01/2020,"3,375"
01/02/2020,931
01/03/2020,"3,102"
01/04/2020,"4,228"
01/05/2020,"5,569"
01/06/2020,"1,162"
01/07/2020,"1,879"
01/08/2020,"1,383"
01/09/2020,"2,836"
01/10/2020,"1,257"
01/11/2020,"1,835"
01/12/2020,"5,539"
01/13/2020,"1,024"
01/14/2020,410
01/15/2020,837
01/16/2020,"6,840"
01/17/2020,"3,305"
01/18/2020,"4,252"
01/19/2020,"2,737"
01/20/2020,"2,272"
01/21/2020,"1,884"
01/22/2020,"1,418"
01/23/2020,938
01/24/2020,"3,076"
01/25/2020,"2,068"
01/26/2020,"7,297"
01/27/2020,"4,919"
01/28/2020,"5,760"
01/29/2020,"1,342"
01/30/2020,"3,016"
01/31/2020,"1,134"
02/01/2020,"3,761"
02/02/2020,"12,407"
02/03/2020,"6,413"
02/04/2020,"1,076"
02/05/2020,692
02/06/2020,722
02/07/2020,"3,525"
02/08/2020,"5,678"
02/09/2020,"10,222"
02/10/2020,"8,311"
02/11/2020,"1,893"
02/12/2020,"3,036"
02/13/2020,"2,556"
02/14/2020,"9,611"
02/15/2020,"2,315"
02/16/2020,"7,760"
02/17/2020,"9,437"
02/18/2020,"15,418"
02/19/2020,"15,182"
02/20/2020,"15,146"
02/21/2020,"13,635"
02/22/2020,"3,008"
02/23/2020,"10,631"
02/24/2020,"11,564"
02/25/2020,"7,855"
02/26/2020,"9,187"
02/27/2020,"14,629"
02/28/2020,"5,974"
02/29/2020,"7,901"
03/01/2020,"7,690"
03/02/2020,"1,680"
03/03/2020,"5,919"
03/04/2020,"15,707"
03/05/2020,"7,653"
03/06/2020,"3,622"
03/07/2020,"7,556"
03/08/2020,"10,644"
03/09/2020,"15,952"
03/10/2020,"4,515"
03/11/2020,"8,291"
03/12/2020,"9,974"
03/13/2020,"2,203"
03/14/2020,"11,884"
03/15/2020,"17,694"
03/16/2020,"19,287"
03/17/2020,"13,029"
03/18/2020,"18,920"
03/19/2020,"18,620"
03/20/2020,"18,555"
03/21/2020,"12,692"
03/22/2020,"10,986"
03/23/2020,"17,041"
03/24/2020,"11,209"
03/25/2020,"11,717"
03/26/2020,"6,141"
03/27/2020,"9,499"
03/28/2020,"6,235"
03/29/2020,"16,126"
03/30/2020,"8,928"
03/31/2020,"15,320"
04/01/2020,"16,901"
04/02/2020,"16,024"
04/03/2020,"15,746"
04/04/2020,"16,711"
04/05/2020,"12,848"
04/06/2020,"20,386"
04/07/2020,"17,318"
04/08/2020,"21,462"
04/09/2020,"21,297"
04/10/2020,"19,104"
04/11/2020,"14,526"
04/12/2020,"22,851"
04/13/2020,"22,057"
04/14/2020,"21,935"
04/15/2020,"20,629"
04/16/2020,"21,951"
04/17/2020,"17,374"
04/18/2020,"8,728"
04/19/2020,"21,415"
04/20/2020,"22,095"
04/21/2020,"7,032"
04/22/2020,"3,562"
04/23/2020,"12,368"
04/24/2020,"7,956"
04/25/2020,"17,974"
04/26/2020,"15,289"
04/27/2020,"18,017"
04/28/2020,"10,804"
04/29/2020,"15,937"
04/30/2020,"18,157"
05/01/2020,"17,786"
05/02/2020,"6,994"
05/03/2020,"21,380"
05/04/2020,"15,900"
05/05/2020,"20,533"
05/06/2020,"15,687"
05/07/2020,"23,839"
05/08/2020,"23,426"
05/09/2020,"20,020"
05/10/2020,"21,217"
05/11/2020,"15,074"
05/12/2020,"14,813"
05/13/2020,"21,303"
05/14/2020,"20,369"
05/15/2020,"23,556"
05/16/2020,"5,588"
05/17/2020,"18,387"
05/18/2020,"15,001"
05/19/2020,"18,519"
05/20/2020,"7,909"
05/21/2020,"11,062"
05/22/2020,"11,267"
05/23/2020,"16,064"
05/24/2020,"19,829"
05/25/2020,"7,014"
05/26/2020,"16,974"
05/27/2020,"23,834"
05/28/2020,"20,315"
05/29/2020,"20,964"
05/30/2020,"2,417"
05/31/2020,"13,414"
06/01/2020,"23,814"
06/02/2020,"12,649"
06/03/2020,"16,819"
06/04/2020,"16,077"
06/05/2020,"13,357"
06/06/2020,"18,479"
06/07/2020,"17,444"
06/08/2020,"19,289"
06/09/2020,"7,651"
06/10/2020,"19,887"
06/11/2020,"15,935"
06/12/2020,"6,560"
06/13/2020,"18,907"
06/14/2020,"21,398"
06/15/2020,"12,191"
06/16/2020,"19,335"
06/17/2020,"22,622"
06/18/2020,"23,833"
06/19/2020,"18,137"
06/20/2020,"14,070"
06/21/2020,"18,675"
06/22/2020,"23,190"
06/23/2020,"19,828"
06/24/2020,"13,862"
06/25/2020,"23,471"
06/26/2020,"19,165"
06/27/2020,"4,739"
06/28/2020,"17,746"
06/29/2020,"18,588"
06/30/2020,"10,768"
07/01/2020,"12,421"
07/02/2020,"11,489"
07/03/2020,"13,760"
07/04/2020,"19,316"
07/05/2020,"23,825"
07/06/2020,"20,880"
07/07/2020,"15,715"
07/08/2020,"21,712"
07/09/2020,"15,109"
07/10/2020,"21,767"
07/11/2020,"14,337"
07/12/2020,"15,540"
07/13/2020,"23,852"
07/14/2020,"23,372"
07/15/2020,"22,480"
07/16/2020,"18,470"
07/17/2020,"10,350"
07/18/2020,"23,104"
07/19/2020,"22,431"
07/20/2020,"22,518"
07/21/2020,"22,393"
07/22/2020,"10,615"
07/23/2020,"17,923"
07/24/2020,"15,848"
07/25/2020,"23,047"
07/26/2020,"22,597"
07/27/2020,"21,593"
07/28/2020,"21,650"
07/29/2020,"22,176"
07/30/2020,"21,413"
07/31/2020,"21,523"
08/01/2020,"17,258"
08/02/2020,"20,450"
08/03/2020,"19,669"
08/04/2020,"21,606"
08/05/2020,"21,725"
08/06/2020,"6,549"
08/07/2020,"20,579"
08/08/2020,"9,002"
08/09/2020,"22,264"
08/10/2020,"21,369"
08/11/2020,"19,784"
08/12/2020,"14,778"
08/13/2020,"21,689"
08/14/2020,"21,532"
08/15/2020,"21,457"
08/16/2020,"17,291"
08/17/2020,"21,045"
08/18/2020,"20,334"
08/19/2020,"17,932"
08/20/2020,"13,778"
08/21/2020,"8,075"
08/22/2020,"19,304"
08/23/2020,"20,543"
08/24/2020,"18,386"
08/25/2020,"21,063"
08/26/2020,"20,671"
08/27/2020,"20,468"
08/28/2020,"20,359"
08/29/2020,"11,072"
08/30/2020,"19,306"
08/31/2020,"16,768"
09/01/2020,"19,493"
09/02/2020,"19,140"
09/03/2020,"19,227"
09/04/2020,"17,445"
09/05/2020,"14,092"
09/06/2020,"18,987"
09/07/2020,"19,042"
09/08/2020,"18,456"
09/09/2020,"17,878"
09/10/2020,"17,619"
09/11/2020,"14,136"
09/12/2020,"3,176"
09/13/2020,"8,448"
09/14/2020,"6,029"
09/15/2020,"8,790"
09/16/2020,"8,927"
09/17/2020,"9,425"
09/18/2020,"3,013"
09/19/2020,"7,314"
09/20/2020,"10,897"
09/21/2020,"8,264"
09/22/2020,"16,316"
09/23/2020,"1,363"
09/24/2020,"5,506"
09/25/2020,"7,046"
09/26/2020,"8,755"
09/27/2020,"15,830"
09/28/2020,"16,847"
09/29/2020,"16,676"
09/30/2020,"10,477"
10/01/2020,"11,133"
10/02/2020,"13,238"
10/03/2020,"3,579"
10/04/2020,"3,375"
10/05/2020,"11,727"
10/06/2020,"14,568"
10/07/2020,"3,986"
10/08/2020,"9,768"
10/09/2020,"7,059"
10/10/2020,"9,241"
10/11/2020,"2,892"
10/12/2020,"11,557"
10/13/2020,"11,734"
10/14/2020,"12,674"
10/15/2020,"12,106"
10/16/2020,"1,647"
10/17/2020,"3,135"
10/18/2020,"1,752"
10/19/2020,"1,753"
10/20/2020,"9,857"
10/21/2020,"6,882"
10/22/2020,"8,654"
10/23/2020,"1,175"
10/24/2020,"10,655"
10/25/2020,"12,567"
10/26/2020,"8,803"
10/27/2020,"9,055"
10/28/2020,"2,602"
10/29/2020,"7,597"
10/30/2020,"12,881"
10/31/2020,"12,269"
11/01/2020,"13,021"
11/02/2020,"12,069"
11/03/2020,"1,648"
11/04/2020,"1,803"
11/05/2020,774
11/06/2020,"5,378"
11/07/2020,"1,554"
11/08/2020,"12,762"
11/09/2020,"2,787"
11/10/2020,"2,460"
11/11/2020,"2,808"
11/12/2020,"3,024"
11/13/2020,"8,636"
11/14/2020,"1,767"
11/15/2020,"5,364"
11/16/2020,692
11/17/2020,"1,948"
11/18/2020,"1,043"
11/19/2020,"5,308"
11/20/2020,"1,890"
11/21/2020,"9,955"
11/22/2020,"1,747"
11/23/2020,"1,535"
11/24/2020,"1,417"
11/25/2020,"1,580"
11/26/2020,"3,125"
11/27/2020,"8,762"
11/28/2020,"1,678"
11/29/2020,"6,177"
11/30/2020,"9,966"
12/01/2020,"9,906"
12/02/2020,"10,107"
12/03/2020,"3,423"
12/04/2020,"9,822"
12/05/2020,"9,920"
12/06/2020,"3,335"
12/07/2020,"3,490"
12/08/2020,"1,071"
12/09/2020,"1,540"
12/10/2020,"2,392"
12/11/2020,"3,854"
12/12/2020,"9,601"
12/13/2020,"1,634"
12/14/2020,"3,159"
12/15/2020,"1,723"
12/16/2020,768
12/17/2020,"5,595"
12/18/2020,"1,081"
12/19/2020,656
12/20/2020,"1,107"
12/21/2020,"1,347"
12/22/2020,"7,096"
12/23/2020,"7,686"
12/24/2020,"7,826"
12/25/2020,859
12/26/2020,"3,380"
12/27/2020,"2,706"
12/28/2020,"9,736"
12/29/2020,"1,186"
12/30/2020,"1,814"
12/31/2020,"2,163"
01/01/2021,966
01/02/2021,"1,043"
01/03/2021,"2,138"
01/04/2021,"1,008"
01/05/2021,746
01/06/2021,"6,189"
01/07/2021,"3,569"
01/08/2021,832
01/09/2021,"4,140"
01/10/2021,"2,818"
01/11/2021,631
01/12/2021,"1,104"
01/13/2021,"8,841"
01/14/2021,"6,936"
01/15/2021,"6,135"
01/16/2021,"2,837"
01/17/2021,"2,101"
01/18/2021,"7,481"
01/19/2021,"6,459"
01/20/2021,"3,900"
01/21/2021,"2,425"
01/22/2021,"10,426"
01/23/2021,"11,031"
01/24/2021,"1,819"
01/25/2021,"8,129"
01/26/2021,"3,426"
01/27/2021,"6,584"
01/28/2021,"2,717"
01/29/2021,"5,935"
01/30/2021,"1,624"
01/31/2021,"1,385"
02/01/2021,"1,187"
02/02/2021,"3,062"
02/03/2021,"6,488"
02/04/2021,"1,524"
02/05/2021,"6,291"
02/06/2021,"4,150"
02/07/2021,"10,053"
02/08/2021,"8,135"
02/09/2021,"12,763"
02/10/2021,"11,846"
02/11/2021,"2,523"
02/12/2021,"1,659"
02/13/2021,31
02/14/2021,1
02/15/2021,"1,073"
02/16/2021,"7,254"
02/17/2021,"6,805"
02/18/2021,"2,207"
02/19/2021,"7,142"
02/20/2021,"8,606"
02/21/2021,"3,619"
02/22/2021,"5,120"
02/23/2021,"8,993"
02/24/2021,"11,032"
02/25/2021,"8,358"
02/26/2021,"12,236"
02/27/2021,"11,307"
02/28/2021,"5,940"
03/01/2021,"11,896"
03/02/2021,"6,952"
03/03/2021,"16,395"
03/04/2021,"6,440"
03/05/2021,"3,054"
03/06/2021,"8,362"
03/07/2021,"8,567"
03/08/2021,"11,577"
03/09/2021,"10,449"
03/10/2021,"16,182"
03/11/2021,"17,637"
03/12/2021,"17,024"
03/13/2021,"14,685"
03/14/2021,"2,609"
03/15/2021,"14,662"
03/16/2021,"17,226"
03/17/2021,"15,768"
03/18/2021,"4,545"
03/19/2021,"8,431"
03/20/2021,"6,931"
03/21/2021,"2,689"
03/22/2021,"14,150"
03/23/2021,"15,465"
03/24/2021,"4,096"
03/25/2021,"13,608"
03/26/2021,"9,564"
03/27/2021,"13,028"
03/28/2021,"4,932"
03/29/2021,"13,920"
03/30/2021,"20,079"
03/31/2021,"19,267"
04/01/2021,"15,807"
04/02/2021,"16,392"
04/03/2021,"12,619"
04/04/2021,"10,816"
04/05/2021,"20,124"
04/06/2021,"20,002"
04/07/2021,"3,745"
04/08/2021,"20,704"
04/09/2021,"10,281"
04/10/2021,"16,335"
04/11/2021,"22,156"
04/12/2021,"22,642"
04/13/2021,"22,372"
04/14/2021,"22,163"
04/15/2021,"21,518"
04/16/2021,"21,321"
04/17/2021,"21,292"
04/18/2021,"21,112"
04/19/2021,"20,632"
04/20/2021,"21,659"
04/21/2021,"20,972"
04/22/2021,"19,923"
04/23/2021,"17,368"
04/24/2021,"6,851"
04/25/2021,"15,358"
04/26/2021,"21,947"
04/27/2021,"16,788"
04/28/2021,"13,848"
04/29/2021,"20,155"
04/30/2021,"18,793"
05/01/2021,"12,412"
05/02/2021,"15,720"
05/03/2021,"7,986"
05/04/2021,"19,350"
05/05/2021,"15,910"
05/06/2021,"12,461"
05/07/2021,"13,301"
05/08/2021,"17,774"
05/09/2021,"19,783"
05/10/2021,"20,513"
05/11/2021,"23,075"
05/12/2021,"19,589"
05/13/2021,"23,216"
05/14/2021,"23,550"
05/15/2021,"23,351"
05/16/2021,"22,547"
05/17/2021,"8,320"
05/18/2021,"22,950"
05/19/2021,"24,454"
05/20/2021,"16,157"
05/21/2021,"19,464"
05/22/2021,"12,393"
05/23/2021,"9,016"
05/24/2021,"9,590"
05/25/2021,"16,408"
05/26/2021,"18,869"
05/27/2021,"13,438"
05/28/2021,"19,859"
05/29/2021,"24,323"
05/30/2021,"16,470"
05/31/2021,"22,336"
06/01/2021,"23,213"
06/02/2021,"22,633"
06/03/2021,"22,366"
06/04/2021,"19,362"
06/05/2021,"20,973"
06/06/2021,"11,302"
06/07/2021,"21,403"
06/08/2021,"21,448"
06/09/2021,"24,666"
06/10/2021,"22,528"
06/11/2021,"6,208"
06/12/2021,"20,082"
06/13/2021,"6,683"
06/14/2021,"8,480"
06/15/2021,"19,068"
06/16/2021,"22,818"
06/17/2021,"23,666"
06/18/2021,"23,426"
06/19/2021,"22,908"
06/20/2021,"23,810"
06/21/2021,"22,756"
06/22/2021,"22,948"
06/23/2021,"20,942"
06/24/2021,"22,121"
06/25/2021,"22,558"
06/26/2021,"21,747"
06/27/2021,"22,191"
06/28/2021,"21,601"
06/29/2021,"22,722"
06/30/2021,"18,789"
07/01/2021,"12,413"
07/02/2021,"17,582"
07/03/2021,"22,647"
07/04/2021,"20,956"
07/05/2021,"18,259"
07/06/2021,"19,379"
07/07/2021,"13,616"
07/08/2021,"18,675"
07/09/2021,"22,805"
07/10/2021,"22,582"
07/11/2021,"22,768"
07/12/2021,"22,630"
07/13/2021,"21,276"
07/14/2021,"17,253"
07/15/2021,"16,423"
07/16/2021,"10,196"
07/17/2021,"20,344"
07/18/2021,"22,352"
07/19/2021,"22,384"
07/20/2021,"12,762"
07/21/2021,"18,177"
07/22/2021,"22,730"
07/23/2021,"22,278"
07/24/2021,"22,237"
07/25/2021,"21,765"
07/26/2021,"21,848"
07/27/2021,"21,498"
07/28/2021,"19,849"
07/29/2021,"21,784"
07/30/2021,"21,018"
07/31/2021,"3,666"
08/01/2021,"16,836"
08/02/2021,"20,508"
08/03/2021,"16,462"
08/04/2021,"21,330"
08/05/2021,"18,726"
08/06/2021,"14,164"
08/07/2021,"13,305"
08/08/2021,"21,352"
08/09/2021,"19,428"
08/10/2021,"21,130"
08/11/2021,"21,409"
08/12/2021,"18,940"
08/13/2021,"15,246"
08/14/2021,"16,978"
08/15/2021,"17,572"
08/16/2021,"8,239"
08/17/2021,"10,734"
08/18/2021,"18,533"
08/19/2021,"20,063"
08/20/2021,"6,988"
08/21/2021,"12,163"
08/22/2021,"11,390"
08/23/2021,"20,015"
08/24/2021,"20,149"
08/25/2021,"16,830"
08/26/2021,"9,751"
08/27/2021,"12,825"
08/28/2021,"20,447"
08/29/2021,"20,185"
08/30/2021,"6,932"
08/31/2021,"14,594"
09/01/2021,"20,179"
09/02/2021,"19,564"
09/03/2021,"13,988"
09/04/2021,"13,998"
09/05/2021,"16,587"
09/06/2021,"16,340"
09/07/2021,"18,243"
09/08/2021,"17,605"
09/09/2021,"13,609"
09/10/2021,"3,598"
09/11/2021,"14,092"
09/12/2021,"7,412"
09/13/2021,"14,007"
09/14/2021,"6,783"
09/15/2021,"10,364"
09/16/2021,"16,518"
09/17/2021,"3,207"
09/18/2021,"7,500"
09/19/2021,"10,496"
09/20/2021,"17,899"
09/21/2021,"17,495"
09/22/2021,"8,128"
09/23/2021,"14,947"
09/24/2021,"16,965"
09/25/2021,"16,566"
09/26/2021,"4,680"
09/27/2021,"5,061"
09/28/2021,"11,962"
09/29/2021,"4,069"
09/30/2021,"2,969"
10/01/2021,"16,263"
10/02/2021,"15,015"
10/03/2021,"3,222"
10/04/2021,"12,749"
10/05/2021,"3,153"
10/06/2021,"12,681"
10/07/2021,"13,940"
10/08/2021,"12,032"
10/09/2021,"3,997"
10/10/2021,"8,039"
10/11/2021,"11,191"
10/12/2021,"4,202"
10/13/2021,"7,618"
10/14/2021,"4,426"
10/15/2021,"2,603"
10/16/2021,"8,595"
10/17/2021,"2,358"
10/18/2021,"5,401"
10/19/2021,"8,994"
10/20/2021,"7,176"
10/21/2021,"4,170"
10/22/2021,"3,474"
10/23/2021,"2,559"
10/24/2021,619
10/25/2021,"2,298"
10/26/2021,"2,777"
10/27/2021,"2,822"
10/28/2021,"1,330"
10/29/2021,"3,596"
10/30/2021,"14,298"
10/31/2021,"13,346"
11/01/2021,"2,135"
11/02/2021,"1,201"
11/03/2021,"2,955"
11/04/2021,"1,623"
11/05/2021,"9,209"
11/06/2021,"3,200"
11/07/2021,"3,907"
11/08/2021,"10,402"
11/09/2021,"6,855"
11/10/2021,"8,948"
11/11/2021,912
11/12/2021,768
11/13/2021,"1,996"
11/14/2021,"1,495"
11/15/2021,"4,657"
11/16/2021,"9,558"
11/17/2021,"9,331"
11/18/2021,"1,678"
11/19/2021,"4,705"
11/20/2021,"4,927"
11/21/2021,"5,403"
11/22/2021,"2,348"
11/23/2021,"4,093"
11/24/2021,"2,621"
11/25/2021,"1,404"
11/26/2021,"1,024"
11/27/2021,"1,409"
11/28/2021,931
11/29/2021,"4,584"
11/30/2021,819
12/01/2021,"2,440"
12/02/2021,"1,458"
12/03/2021,"3,379"
12/04/2021,555
12/05/2021,"5,695"
12/06/2021,667
12/07/2021,"1,055"
12/08/2021,"5,712"
12/09/2021,"1,805"
12/10/2021,960
12/11/2021,"3,350"
12/12/2021,"1,931"
12/13/2021,938
12/14/2021,"1,586"
12/15/2021,"1,037"
12/16/2021,"3,451"
12/17/2021,"3,721"
12/18/2021,630
12/19/2021,"6,036"
12/20/2021,"1,009"
12/21/2021,"1,536"
12/22/2021,"1,040"
12/23/2021,"3,018"
12/24/2021,"1,868"
12/25/2021,"1,637"
12/26/2021,170
12/27/2021,879
12/28/2021,146
12/29/2021,"1,717"
12/30/2021,445
12/31/2021,"4,612"
01/01/2022,"2,714"
01/02/2022,552
01/03/2022,"2,963"
01/04/2022,"3,028"
01/05/2022,979
01/06/2022,635
01/07/2022,"1,885"
01/08/2022,"4,100"
01/09/2022,"10,510"
01/10/2022,"1,396"
01/11/2022,"1,397"
01/12/2022,"1,048"
01/13/2022,"7,410"
01/14/2022,"5,043"
01/15/2022,"1,454"
01/16/2022,"1,385"
01/17/2022,"4,399"
01/18/2022,"1,150"
01/19/2022,"1,967"
01/20/2022,"1,652"
01/21/2022,"6,241"
01/22/2022,"9,869"
01/23/2022,"1,455"
01/24/2022,"1,259"
01/25/2022,"8,097"
01/26/2022,"5,075"
01/27/2022,"10,608"
01/28/2022,"9,563"
01/29/2022,"6,397"
01/30/2022,"1,333"
01/31/2022,"6,893"
02/01/2022,"7,392"
02/02/2022,"2,040"
02/03/2022,"1,831"
02/04/2022,"2,534"
02/05/2022,"2,872"
02/06/2022,"11,630"
02/07/2022,"4,460"
02/08/2022,"6,204"
02/09/2022,"9,102"
02/10/2022,"2,136"
02/11/2022,"7,409"
02/12/2022,"14,639"
02/13/2022,"11,401"
02/14/2022,"4,804"
02/15/2022,"4,850"
02/16/2022,"7,426"
02/17/2022,"3,657"
02/18/2022,"5,219"
02/19/2022,"2,237"
02/20/2022,"9,288"
02/21/2022,"7,957"
02/22/2022,"2,114"
02/23/2022,"16,077"
02/24/2022,"14,077"
02/25/2022,"16,492"
02/26/2022,"5,185"
02/27/2022,"3,164"
02/28/2022,"1,516"
03/01/2022,"9,727"
03/02/2022,"2,879"
03/03/2022,"10,863"
03/04/2022,"6,609"
03/05/2022,"11,081"
03/06/2022,"9,635"
03/07/2022,"6,543"
03/08/2022,"6,624"
03/09/2022,"18,213"
03/10/2022,"12,282"
03/11/2022,"5,076"
03/12/2022,"11,649"
03/13/2022,"10,843"
03/14/2022,"3,131"
03/15/2022,"8,995"
03/16/2022,"13,898"
03/17/2022,"4,821"
03/18/2022,"10,232"
03/19/2022,"6,474"
03/20/2022,"5,924"
03/21/2022,"6,342"
03/22/2022,"13,721"
03/23/2022,"7,112"
03/24/2022,"15,743"
03/25/2022,"12,833"
03/26/2022,"8,541"
03/27/2022,"13,700"
03/28/2022,"6,528"
03/29/2022,"13,357"
03/30/2022,"9,966"
03/31/2022,"18,625"
04/01/2022,"14,977"
04/02/2022,"18,421"
04/03/2022,"5,492"
04/04/2022,"13,792"
04/05/2022,"14,692"
04/06/2022,"18,428"
04/07/2022,"18,174"
04/08/2022,"14,552"
04/09/2022,"15,740"
04/10/2022,"11,926"
04/11/2022,"12,551"
04/12/2022,"15,252"
04/13/2022,"7,338"
04/14/2022,"16,213"
04/15/2022,"22,019"
04/16/2022,"11,278"
04/17/2022,"20,309"
04/18/2022,"3,767"
04/19/2022,"19,522"
04/20/2022,"5,393"
04/21/2022,"15,957"
04/22/2022,"20,553"
04/23/2022,"19,402"
04/24/2022,"20,294"
04/25/2022,"14,085"
04/26/2022,"18,957"
04/27/2022,"20,142"
04/28/2022,"15,238"
04/29/2022,"19,945"
04/30/2022,"16,848"
05/01/2022,"18,738"
05/02/2022,"7,449"
05/03/2022,"9,722"
05/04/2022,"17,466"
05/05/2022,"5,146"
05/06/2022,"7,892"
05/07/2022,"12,586"
05/08/2022,"19,863"
05/09/2022,"19,353"
05/10/2022,"19,180"
05/11/2022,"21,101"
05/12/2022,"7,254"
05/13/2022,"19,634"
05/14/2022,"17,193"
05/15/2022,"5,557"
05/16/2022,"20,721"
05/17/2022,"16,338"
05/18/2022,"20,454"
05/19/2022,"20,091"
05/20/2022,"13,925"
05/21/2022,"23,396"
05/22/2022,"21,482"
05/23/2022,"18,285"
05/24/2022,"9,780"
05/25/2022,"21,827"
05/26/2022,"10,756"
05/27/2022,"20,976"
05/28/2022,"9,681"
05/29/2022,"7,377"
05/30/2022,"13,001"
05/31/2022,"22,702"
06/01/2022,"12,253"
06/02/2022,"15,542"
06/03/2022,"12,676"
06/04/2022,"16,289"
06/05/2022,"15,249"
06/06/2022,"19,132"
06/07/2022,"17,960"
06/08/2022,"19,606"
06/09/2022,"4,887"
06/10/2022,"11,419"
06/11/2022,"18,443"
06/12/2022,"8,472"
06/13/2022,"9,719"
06/14/2022,"16,369"
06/15/2022,"9,560"
06/16/2022,"22,193"
06/17/2022,"4,188"
06/18/2022,"11,432"
06/19/2022,"17,384"
06/20/2022,"17,498"
06/21/2022,"22,427"
06/22/2022,"8,749"
06/23/2022,"23,411"
06/24/2022,"23,983"
06/25/2022,"23,404"
06/26/2022,"23,294"
06/27/2022,"20,531"
06/28/2022,"8,938"
06/29/2022,"12,192"
06/30/2022,"23,087"
07/01/2022,"23,055"
07/02/2022,"14,119"
07/03/2022,"2,352"
07/04/2022,"18,873"
07/05/2022,"15,809"
07/06/2022,"12,685"
07/07/2022,"21,647"
07/08/2022,"20,601"
07/09/2022,"19,174"
07/10/2022,"19,072"
07/11/2022,"22,914"
07/12/2022,"22,399"
07/13/2022,"23,189"
07/14/2022,"23,018"
07/15/2022,"21,577"
07/16/2022,"12,073"
07/17/2022,"12,508"
07/18/2022,"17,783"
07/19/2022,"22,604"
07/20/2022,"22,296"
07/21/2022,"22,262"
07/22/2022,"20,299"
07/23/2022,"16,686"
07/24/2022,"22,125"
07/25/2022,"21,973"
07/26/2022,"21,282"
07/27/2022,"20,694"
07/28/2022,"21,251"
07/29/2022,"21,262"
07/30/2022,"21,311"
07/31/2022,"21,024"
08/01/2022,"19,600"
08/02/2022,"19,368"
08/03/2022,"20,352"
08/04/2022,"10,098"
08/05/2022,"21,798"
08/06/2022,"22,037"
08/07/2022,"21,326"
08/08/2022,"20,250"
08/09/2022,"12,537"
08/10/2022,"9,883"
08/11/2022,"21,517"
08/12/2022,"21,691"
08/13/2022,"21,806"
08/14/2022,"21,164"
08/15/2022,"20,764"
08/16/2022,"20,641"
08/17/2022,"20,544"
08/18/2022,"11,346"
08/19/2022,"9,903"
08/20/2022,"14,968"
08/21/2022,"18,354"
08/22/2022,"20,210"
08/23/2022,"20,289"
08/24/2022,"19,705"
08/25/2022,"19,266"
08/26/2022,"8,240"
08/27/2022,"10,911"
08/28/2022,"19,976"
08/29/2022,"19,717"
08/30/2022,"19,020"
08/31/2022,"17,591"
09/01/2022,"12,665"
09/02/2022,"18,533"
09/03/2022,"6,740"
09/04/2022,"10,687"
09/05/2022,"17,997"
09/06/2022,"19,012"
09/07/2022,"18,523"
09/08/2022,"19,464"
09/09/2022,"16,400"
09/10/2022,"16,906"
09/11/2022,"7,582"
09/12/2022,"15,693"
09/13/2022,"9,723"
09/14/2022,"11,069"
09/15/2022,"12,976"
09/16/2022,"9,016"
09/17/2022,"14,018"
09/18/2022,"17,500"
09/19/2022,"17,525"
09/20/2022,"17,601"
09/21/2022,"16,378"
09/22/2022,"11,640"
09/23/2022,"10,056"
09/24/2022,"16,934"
09/25/2022,"16,521"
09/26/2022,"15,092"
09/27/2022,"15,244"
09/28/2022,"5,698"
09/29/2022,"13,062"
09/30/2022,"14,369"
10/01/2022,"15,527"
10/02/2022,"15,012"
10/03/2022,"14,887"
10/04/2022,"6,092"
10/05/2022,"3,873"
10/06/2022,"12,884"
10/07/2022,"13,685"
10/08/2022,"13,592"
10/09/2022,"13,753"
10/10/2022,"12,643"
10/11/2022,"14,904"
10/12/2022,"14,465"
10/13/2022,"14,108"
10/14/2022,"13,463"
10/15/2022,"12,945"
10/16/2022,"13,648"
10/17/2022,"12,368"
10/18/2022,"11,071"
10/19/2022,"10,074"
10/20/2022,"5,244"
10/21/2022,"1,527"
10/22/2022,"3,653"
10/23/2022,"8,163"
10/24/2022,"4,732"
10/25/2022,"2,158"
10/26/2022,"5,603"
10/27/2022,"4,737"
10/28/2022,"8,075"
10/29/2022,"8,845"
10/30/2022,"1,518"
10/31/2022,"2,646"
11/01/2022,"7,072"
11/02/2022,"5,746"
11/03/2022,"1,427"
11/04/2022,804
11/05/2022,"8,744"
11/06/2022,"2,351"
11/07/2022,"3,127"
11/08/2022,"10,972"
11/09/2022,"10,165"
11/10/2022,"5,657"
11/11/2022,"2,527"
11/12/2022,"11,631"
11/13/2022,"6,716"
11/14/2022,"11,661"
11/15/2022,"11,671"
11/16/2022,"11,524"
11/17/2022,"11,145"
11/18/2022,"11,673"
11/19/2022,"11,275"
11/20/2022,"9,585"
11/21/2022,"1,935"
11/22/2022,458
11/23/2022,"4,002"
11/24/2022,"9,946"
11/25/2022,331
11/26/2022,"2,647"
11/27/2022,"6,036"
11/28/2022,"2,514"
11/29/2022,493
11/30/2022,"1,323"
12/01/2022,"6,782"
12/02/2022,"2,409"
12/03/2022,"6,261"
12/04/2022,521
12/05/2022,"1,946"
12/06/2022,"1,483"
12/07/2022,"3,856"
12/08/2022,"1,890"
12/09/2022,"2,100"
12/10/2022,"1,013"
12/11/2022,666
12/12/2022,"3,068"
12/13/2022,"1,430"
12/14/2022,"2,991"
12/15/2022,"7,779"
12/16/2022,"8,793"
12/17/2022,422
12/18/2022,"7,560"
12/19/2022,73
12/20/2022,109
12/21/2022,"1,023"
12/22/2022,719
12/23/2022,188
12/24/2022,637
12/25/2022,"1,560"
12/26/2022,"1,177"
